Games,Which game released in 1972 popularized electronic gaming to the masses?,Pong,100
Games,Which game released in 1993 is considered the start of the FPS genre?,Doom,200
Games,Released in 2011 which game currently holds the title for most players?,Minecraft,300
Games,Which game series produced by Nintendo released its first title in 1985?,Mario,400
Games,Which arcade game released in 1980 popularized gaming competitions?,Pac-Man,500
Games,Which game released in 1978 featured a space ship fighting hordes of aliens?,Space-Invaders,600
Games,Developed by activision and infinity ward which popular game series debuted in 2003?,Call-Of-Duty,700
Games,Released in 1973 which game included the first easter egg?,Moonlander,800
Games,Released in 2013 which game has come to the forefront of modern esports competitions?,Dota-2,900
Games,Which game was the first to be playing in space?,Tetris,1000
